txn, elaboration
exxon mobil, petrolium
sale debit,sale debit  shopping online shopping purchase
cash withdrawal,cash withdrawal  uncategorized fund transfer
umobile prepaid reload,  umobile* prepaid reload   utilities phone bills bills
golden screen cinem,cinema.com.my Showtimes GSC Paradigm Mall JB Johor Bahru. Cinema Online Malaysia s Favourite Movie Site.GSCinemas. GSCinemas. 1 702 003 sukaan 51 929 berbicara tentang ini 540 533 pernah berada di sini. GSC is the leading film exhibitor and distributor in Malaysia. If you have any feedback please email....cinema.com.my Showtimes GSC All Locations. Cinema Online Malaysia s Favourite Movie Site
gsc berjaya times s kuala lumpur,cinema.com.my Showtimes GSC Berjaya Times Square City Center. Cinema Online Malaysia s Favourite Movie Site.Showtimes. Get the latest movie showtimes at Golden Screen Cinemas. Check showtime cinema book and buy movie tickets online any time .What level is the cinema located and how much are... Berjaya Times Square Kuala Lumpur. Berjaya Times Square Kuala Lumpur Kuala Lumpur What level is the cinema located and how much are... Check out 5 answers plus see 2 622 reviews articles and 1 047 photos of Berjaya Times Square Kuala Lumpur ranked No.40 on TripAdvisor among 933 attractions in Kuala Lumpur.
pre auth debit,pre-auth debit  uncategorized transaction
atm card charges,atm card charges  uncategorized transaction
ibk fund tfr a silver bullion sdn,ibk fund tfr  a silver bullion sdn *   uncategorized transaction
transfer from,transfer from   uncategorized transaction
foreign apexmuhammed irshad,foreign   apexmuhammed irshad   uncategorized transaction
payment via mydebit ,payment via mydebit  uncategorized transaction 
babel fitness asia kuala lumpur, babel.fit Instagram photos and videos. 6 314 Followers 61 Following 79 Posts See Instagram photos and videos from babel.fit.More than just a fancy gym Why Babel Fit has everything you could want while working out Malay Mail. KUALA LUMPUR May 22 Nestled on the rooftop of Menara Ken in Taman Tun Dr Ismail is Babel Fit an ultra luxurious gym that could easily double as an interior design showroom art gallery nightclub and high end condo all rolled into one. Sounds too fancy for a workout space Yes but in the....Babel A Gym Like No Other. The latest gym in Kuala Lumpur. Our goal is to challenge industry s best practices and norms. Our answer to that is BABEL an establishment aimed at creating an inspirational experience filled with state of the art gym equipment. Occupying a total space of 25 000sf with it s sweeping views of TTDI Bandar Utama Skyline BABEL boasts a multi million dollar investment to elevate it into Malaysia s most eminient fitness club. This amenity laden club is designed to invigorate your senses thus creating a sensational workout experience while pampering you in the process. There is no place like this. Our goal is to be the best gym in KL. 
starbucks bts 3 kuala lumpur,Store Locator Starbucks Coffee Company. Store Locator.Starbucks. Coffee Shop in Kuala Lumpur Kuala Lumpur.Starbucks. Coffee Shop in Kuala Lumpur Kuala Lumpur
payment via mydebit ,payment via mydebit  uncategorized transaction 
