1,AirAsia Group Berhad,Catch the latest updates and insights on AirAsia and the Group's IR initiatives: Follow @ ... AirAsia Group Berhad ...
2,AirAsia: Book Cheap Flights Online To Over 130 Destinations!,AirAsia offers the lowest fares online to over 130 destinations across Asia and beyond! Book your cheap tickets now and fly with the World's Best Low-Cost ...
3,Investor Relations: IR Home - AirAsia Group Berhad,AirAsia Group Berhad. AirAsia Berhad was listed on the Main Market of Bursa ...
4,AirAsia.com,AirAsia offers the lowest fares online to over 120 destinations across Asia with ...
5,AirAsia - Wikipedia,"AirAsia Berhad (MYX: 5099) is a Malaysian low-cost airline headquartered near Kuala Lumpur, Malaysia. It is the largest airline in Malaysia by fleet size and ..."
6,AirAsia X Berhad - Investor Relations: IR Home,"AirAsia X Berhad (AirAsia X) is a leading long-haul, low-cost airline operating primarily in the Asia-Pacific region. Established as Fly Asian Express (FAX) in ..."
7,Contact - AirAsia X,"For inquiries relating to Shareholder's Benefit Programme, please reach us at: AIRASIA X BERHAD RedQ, Jalan Pekeliling 5. Lapangan Terbang Antarabangsa ..."
8,AIRASIA (5099): AIRASIA GROUP BHD - Overview | I3investor,AirAsia Bhd provides air transportation throughout Asia. The airline operator focuses on delivering lower fares without a host of other amenities. It does not ...
9,AirAsia Group Berhad: Private Company Information - Bloomberg,AirAsia Group Berhad company research & investing information. Find executives and the latest company news.
10,airasia berhad - Bursa Malaysia,No information is available for this page.Learn why
11,Description,
