1,Store Locator | Starbucks Coffee Company,Store Locator.
2,Starbucks (Now Closed) - Coffee Shop in Kuala Lumpur - Foursquare,"See 108 photos and 3 tips from 1016 visitors to Starbucks. ""This Starbucks is on Third Floor of Berjaya Times Square. ... Bukit Bintang, Kuala Lumpur ... starbucks kuala lumpur; •; starbucks kuala lumpur; •; starbucks bts 3rd floor kuala lumpur ..."
3,Starbucks - Coffee Shop in Bukit Bintang - Foursquare,"Starbucks. Coffee Shop$$$$. Bukit Bintang, Kuala Lumpur. Save. Share. Tips 16 ... ""Seriously very good service..even the frap""(3 Tips) ... Compare to BTSquare."
4,Starbucks BTS 3 Kuala Lumpur Malaysia - Cebugle,"01-01-28, 1st Avenue, 1st Floor Kuala Lumpur, 14 55100 Malaysia Telephone / Landline / Contact Number: 0. About: Starbucks has an unusually human ..."
5,Images for starbucks bts 3 kuala lumpur,
6,Starbucks Malaysia - Notes | Facebook,"January 30 ·. Celebrating Starbucks Reserve Berjaya Times Square, Kuala Lumpur ... 1) *Get a complimentary Starbucks Reserve BTS (4oz) mug with minimum ... 3. The prizes for the Contest are as follows: 3x 365 days of free coffee + 10,000 ..."
7,Starbucks Malaysia - Notizen | Facebook,"Celebrating Starbucks Reserve Berjaya Times Square, Kuala Lumpur ... 1) *Get a complimentary Starbucks Reserve BTS (4oz) mug with minimum. spending of ... 3. The prizes for the Contest are as follows: 3x 365 days of free coffee + 10,000 ..."
8,"A Really Nice Starbucks - Starbucks - Berjaya Times Square, Kuala ...","Starbucks - Berjaya Times Square: A Really Nice Starbucks - See 52 traveler reviews, 19 candid photos, and great deals for Kuala Lumpur, Malaysia, at TripAdvisor. ... Kuala Lumpur 55100, Malaysia. +60 3-2110 0386. Website .... Getting free & continuous WIFI connection in BTS is definitely a challenge. Its been 8yrs I last ..."
9,"Starbucks petronas twin towers, Kuala Lumpur - Restaurant Reviews ...","327, Starbucks, Petronas Twin Tower | Persiaran Petronas, Kuala Lumpur 50088, Malaysia. +60 3-2163 2143. Website. Open Now:10:00 AM - 10:00 PM."
10,BTS | Dine & Shop - TBS,"Bazar TBS. Variety Store (Level 3-1 and Level 4-2 & 3). Celcom Xpress. Telecommunication Outlet (Level 3-21). Choizes Concept. Variety Store (Level 3-9, ..."
